InvoiceNo,StockCode,Description,Quantity,InvoiceDate,UnitPrice,CustomerID,Country
INV5105,SKU68442,Cable,41,2023-08-13,233.1,1034,United Kingdom
INV6005,SKU40689,Hair Product,7,2023-08-14,22.13,1009,United Kingdom
INV1378,SKU98832,Cookbook,30,2023-08-15,58.23,1083,United Kingdom
INV7528,SKU59602,Speaker,7,2023-08-16,117.78,1092,France
INV5700,SKU71925,Decor,40,2023-08-18,90.68,1002,United Kingdom
INV5146,SKU11600,Maintenance Item,35,2023-08-18,61.19,1063,United Kingdom
INV8794,SKU69472,Perfume,39,2023-08-19,25.23,1070,United Kingdom
INV3042,SKU63145,Tablet,48,2023-08-20,183.12,1095,United Kingdom
INV9668,SKU77412,Furniture,32,2023-08-20,16.41,1084,United Kingdom
INV4874,SKU16820,Doll,48,2023-08-21,44.0,1037,United Kingdom
INV2675,SKU46977,Non-Fiction,47,2023-08-21,9.03,1063,United Kingdom
INV1699,SKU91345,Tablet,36,2023-08-21,27.03,1048,United Kingdom
INV2755,SKU10675,Building Blocks,23,2023-08-22,11.03,1062,United Kingdom
INV3189,SKU63522,Textbook,41,2023-08-23,33.82,1035,United Kingdom
INV7706,SKU70129,Action Figure,50,2023-08-23,72.04,1066,Germany
INV5767,SKU27548,Car Accessory,33,2023-08-23,66.61,1078,Portugal
INV8115,SKU64594,Sweater,39,2023-08-24,63.75,1080,United Kingdom
INV5018,SKU69640,Lipstick,9,2023-08-25,60.73,1048,United Kingdom
INV8439,SKU77792,Car Toy,7,2023-08-25,59.92,1008,EIRE
INV3863,SKU69925,Scarf,1,2023-08-25,67.74,1048,Netherlands
INV3306,SKU39571,Skincare,26,2023-08-27,27.18,1015,Spain
INV8720,SKU91051,Tablet,9,2023-08-27,28.43,1039,Germany
INV9856,SKU94332,Magazine,29,2023-08-29,1.53,1092,United Kingdom
INV2867,SKU64702,Car Accessory,9,2023-08-30,48.47,1039,France
INV9436,SKU64149,Basketball,21,2023-08-30,63.74,1005,Netherlands
INV3872,SKU93277,Building Blocks,22,2023-08-31,61.24,1074,Portugal
INV2281,SKU89174,Cookbook,35,2023-08-31,0.57,1021,Switzerland
INV9031,SKU57087,Tennis Racket,26,2023-09-01,23.61,1093,EIRE
INV9761,SKU91675,Smartphone,42,2023-09-02,9.67,1056,United Kingdom
INV5945,SKU10860,Non-Fiction,21,2023-09-04,59.71,1035,Portugal
INV6225,SKU18804,Fiction Novel,8,2023-09-05,53.08,1086,EIRE
INV8278,SKU21094,Doll,32,2023-09-05,34.66,1023,Portugal
INV9802,SKU61518,Decor,1,2023-09-05,97.87,1059,Portugal
INV7242,SKU93695,Action Figure,31,2023-09-07,62.34,1071,United Kingdom
INV1930,SKU88647,Hair Product,9,2023-09-08,65.88,1037,United Kingdom
INV3091,SKU91560,Charger,43,2023-09-09,19.95,1059,United Kingdom
INV5091,SKU59105,Tennis Racket,27,2023-09-10,98.94,1043,Germany
INV2167,SKU50812,Car Toy,9,2023-09-11,47.6,1086,United Kingdom
INV3589,SKU51614,Jeans,10,2023-09-12,76.78,1052,Spain
INV9992,SKU16963,Speaker,19,2023-09-13,62.02,1050,Belgium
INV7035,SKU70846,Hair Product,44,2023-09-13,24.95,1062,France
INV1216,SKU47587,Dress,42,2023-09-14,60.81,1022,United Kingdom
INV8871,SKU32349,Foundation,16,2023-09-14,57.68,1089,United Kingdom
INV4866,SKU94562,Puzzle,37,2023-09-15,60.9,1086,Netherlands
INV6947,SKU72288,Puzzle,-1,2023-09-17,84.31,1084,United Kingdom
INV6799,SKU38143,Garden Tool,10,2023-09-17,61.8,1078,United Kingdom
INV8467,SKU29323,Non-Fiction,45,2023-09-17,27.4,1088,United Kingdom
INV4401,SKU16411,Plant Pot,23,2023-09-19,15.39,1004,Italy
INV6542,SKU51262,Foundation,26,2023-09-19,66.36,1082,United Kingdom
INV8244,SKU55252,Foundation,6,2023-09-19,54.21,1049,France
INV1359,SKU87292,Lamp,42,2023-09-20,38.14,1081,United Kingdom
INV8130,SKU94746,Dress,-10,2023-09-20,9.66,1006,United Kingdom
INV6425,SKU13617,Jacket,17,2023-09-21,11.73,1055,United Kingdom
INV8242,SKU95235,Lamp,32,2023-09-22,36.98,1036,Italy
INV8270,SKU53082,Garden Tool,49,2023-09-22,52.57,1053,Spain
INV7922,SKU58265,Furniture,6,2023-09-23,51.82,1059,France
INV2479,SKU90610,Perfume,48,2023-09-24,45.52,1073,Netherlands
INV8746,SKU61003,Textbook,47,2023-09-25,42.95,1015,United Kingdom
INV3742,SKU46188,Hat,1,2023-09-25,58.53,1088,Italy
INV8439,SKU92359,Comic Book,22,2023-09-26,51.15,1041,Italy
INV3444,SKU99816,Maintenance Item,43,2023-09-26,6.35,1046,United Kingdom
INV6757,SKU92864,Water Bottle,19,2023-09-28,16.98,1068,Spain
INV9225,SKU98254,Headphones,34,2023-09-29,153.05,1059,Spain
INV7442,SKU76249,Tool Kit,23,2023-10-01,6.0,1063,Switzerland
INV3139,SKU84205,Cleaning Product,49,2023-10-01,5.55,1080,Switzerland
INV5458,SKU91625,Tool Kit,10,2023-10-02,97.0,1002,United Kingdom
INV3846,SKU35265,Basketball,30,2023-10-03,91.89,1090,United Kingdom
INV1640,SKU93835,Garden Tool,18,2023-10-04,64.6,1031,EIRE
INV4975,SKU36389,Comic Book,26,2023-10-04,11.96,1091,Belgium
INV1782,SKU93203,Hat,29,2023-10-05,60.22,1006,EIRE
INV8066,SKU95673,Kitchen Item,11,2023-10-06,11.02,1026,Belgium
INV1388,SKU40016,Puzzle,35,2023-10-07,90.76,1085,EIRE
INV4365,SKU86434,Car Accessory,29,2023-10-08,45.89,1065,Italy
INV6132,SKU18523,Lamp,29,2023-10-08,30.85,1080,Germany
INV2985,SKU84349,Puzzle,26,2023-10-08,63.59,1082,United Kingdom
INV3545,SKU92208,Cleaning Product,27,2023-10-09,83.68,1038,Netherlands
INV1519,SKU22255,Perfume,31,2023-10-09,64.04,1089,United Kingdom
INV1724,SKU62725,Tool Kit,49,2023-10-09,14.87,1037,United Kingdom
INV5994,SKU94275,Cable,32,2023-10-10,87.77,1042,United Kingdom
INV2083,SKU50654,Hair Product,16,2023-10-11,25.2,1055,United Kingdom
INV8836,SKU92716,Running Shoes,25,2023-10-12,98.13,1042,United Kingdom
INV7909,SKU95045,Lamp,47,2023-10-12,98.18,1020,United Kingdom
INV5111,SKU83680,Charger,11,2023-10-13,42.01,1080,United Kingdom
INV5418,SKU36504,Board Game,-2,2023-10-13,28.78,1014,Switzerland
INV2196,SKU15936,Mascara,35,2023-10-13,93.52,1008,Switzerland
INV1578,SKU88333,Cookbook,17,2023-10-14,37.29,1073,United Kingdom
INV1710,SKU96363,Magazine,2,2023-10-14,72.26,1054,Switzerland
INV3777,SKU28198,Textbook,10,2023-10-16,7.69,1038,Germany
INV7381,SKU98250,T-Shirt,40,2023-10-16,75.84,1074,United Kingdom
INV3721,SKU20460,Fiction Novel,18,2023-10-17,20.67,1061,Germany
INV4799,SKU17956,Charger,36,2023-10-17,68.03,1060,United Kingdom
INV6410,SKU84473,Perfume,26,2023-10-17,53.91,1024,Netherlands
INV7250,SKU78350,Board Game,1,2023-10-18,87.12,1008,United Kingdom
INV4844,SKU94945,Comic Book,45,2023-10-19,31.09,1021,United Kingdom
INV9779,SKU12453,Water Bottle,23,2023-10-19,96.99,1035,Netherlands
INV4308,SKU92211,Kitchen Item,47,2023-10-20,9.62,1071,United Kingdom
INV6500,SKU68540,Camera,45,2023-10-21,95.69,1092,United Kingdom
INV8354,SKU99277,Building Blocks,29,2023-10-21,47.42,1080,United Kingdom
INV4728,SKU39219,Tablet,18,2023-10-23,185.58,1082,Portugal
INV8584,SKU52647,Scarf,26,2023-10-23,60.23,1087,Belgium
INV6403,SKU61292,Cable,26,2023-10-23,81.98,1088,Switzerland
INV2049,SKU54313,Tablet,1,2023-10-24,112.89,1008,Netherlands
INV3118,SKU37704,Camera,4,2023-10-24,132.59,1011,United Kingdom
INV9804,SKU33053,Lamp,8,2023-10-24,89.61,1092,Italy
INV9108,SKU60578,Sweater,39,2023-10-24,53.3,1001,Netherlands
INV2936,SKU37745,Tool Kit,15,2023-10-25,4.65,1018,United Kingdom
INV6820,SKU37460,Cookbook,42,2023-10-25,23.64,1093,United Kingdom
INV4218,SKU35362,Magazine,44,2023-10-28,7.55,1065,United Kingdom
INV9019,SKU28634,Cookbook,29,2023-10-29,47.16,1011,Spain
INV1420,SKU50888,Perfume,13,2023-10-29,59.62,1080,United Kingdom
INV5073,SKU78562,Mascara,36,2023-10-30,91.81,1065,United Kingdom
INV5920,SKU22046,Skincare,47,2023-10-31,72.63,1061,United Kingdom
INV9856,SKU53480,Hair Product,45,2023-11-01,50.58,1044,United Kingdom
INV2208,SKU72498,Lamp,10,2023-11-01,25.26,1001,Belgium
INV8155,SKU23875,Running Shoes,34,2023-11-01,40.18,1039,EIRE
INV4783,SKU88166,Tennis Racket,23,2023-11-02,69.13,1061,United Kingdom
INV1821,SKU86569,Tool Kit,33,2023-11-03,85.28,1008,EIRE
INV1202,SKU25300,Hat,38,2023-11-03,52.34,1024,France
INV7615,SKU25713,Water Bottle,40,2023-11-04,42.5,1074,Netherlands
INV9998,SKU71712,Tennis Racket,39,2023-11-04,53.03,1067,Germany
INV2663,SKU42285,Garden Tool,29,2023-11-06,84.78,1064,United Kingdom
INV8792,SKU75715,Lamp,22,2023-11-07,50.95,1022,United Kingdom
INV3762,SKU85534,Furniture,50,2023-11-11,13.81,1055,Belgium
INV1086,SKU21939,Furniture,28,2023-11-11,7.34,1028,United Kingdom
INV5425,SKU26334,Hat,41,2023-11-12,36.92,1042,France
INV6870,SKU37215,Cleaning Product,8,2023-11-13,16.6,1087,United Kingdom
INV7474,SKU63143,Water Bottle,-18,2023-11-13,55.41,1092,Italy
INV1893,SKU77760,Furniture,29,2023-11-13,72.54,1014,United Kingdom
INV1992,SKU62184,Non-Fiction,30,2023-11-14,41.36,1076,United Kingdom
INV7566,SKU19120,Decor,2,2023-11-14,74.87,1027,United Kingdom
INV4335,SKU93130,Comic Book,4,2023-11-15,45.59,1005,United Kingdom
INV6600,SKU32296,Foundation,36,2023-11-16,34.46,1078,United Kingdom
INV7046,SKU69597,Cleaning Product,50,2023-11-16,73.36,1058,Netherlands
INV7541,SKU19565,Running Shoes,43,2023-11-16,35.54,1059,Switzerland
INV5410,SKU21146,Cable,-10,2023-11-16,142.81,1045,Belgium
INV1914,SKU83303,Camera,26,2023-11-19,131.47,1076,Italy
INV6439,SKU83420,Cleaning Product,8,2023-11-20,76.17,1028,United Kingdom
INV4706,SKU45200,Headphones,43,2023-11-20,19.12,1069,Italy
INV4028,SKU43064,Cleaning Product,8,2023-11-20,67.23,1087,France
INV1155,SKU18002,Fiction Novel,3,2023-11-20,15.24,1048,Spain
INV5965,SKU50756,Magazine,44,2023-11-21,40.27,1038,Switzerland
INV8557,SKU94498,Jacket,17,2023-11-21,20.54,1074,Netherlands
INV7070,SKU38477,Maintenance Item,24,2023-11-22,98.11,1047,Netherlands
INV7240,SKU88301,Magazine,28,2023-11-22,28.4,1083,Portugal
INV4920,SKU41779,Tablet,4,2023-11-23,107.98,1012,France
INV7188,SKU84757,Mascara,32,2023-11-23,69.4,1026,United Kingdom
INV8713,SKU46587,Plant Pot,39,2023-11-23,18.55,1015,Belgium
INV9229,SKU87356,Action Figure,29,2023-11-23,53.07,1058,United Kingdom
INV8967,SKU35166,Tennis Racket,19,2023-11-24,51.26,1069,Portugal
INV2824,SKU13278,Non-Fiction,48,2023-11-25,50.73,1011,United Kingdom
INV4205,SKU95359,Speaker,37,2023-11-25,203.28,1018,United Kingdom
INV8324,SKU51426,Scarf,2,2023-11-26,40.94,1004,United Kingdom
INV2160,SKU40008,Lipstick,7,2023-11-26,32.02,1038,United Kingdom
INV9185,SKU84302,Garden Tool,50,2023-11-26,89.53,1086,EIRE
INV9985,SKU17055,Charger,6,2023-11-27,46.76,1083,Belgium
INV8586,SKU99070,Garden Tool,31,2023-11-28,30.25,1010,United Kingdom
INV6818,SKU93055,Comic Book,45,2023-11-29,2.11,1017,Belgium
INV2092,SKU15737,Plant Pot,13,2023-11-30,49.05,1012,United Kingdom
INV8863,SKU66616,Speaker,16,2023-12-01,140.69,1006,Portugal
INV4330,SKU12248,Car Toy,9,2023-12-03,6.9,1044,United Kingdom
INV5895,SKU36047,Action Figure,14,2023-12-06,24.36,1055,United Kingdom
INV4271,SKU99831,Board Game,6,2023-12-06,74.22,1031,France
INV6788,SKU16672,Perfume,24,2023-12-06,34.46,1086,United Kingdom
INV6813,SKU59756,Foundation,27,2023-12-06,76.38,1040,United Kingdom
INV2667,SKU80371,Garden Tool,30,2023-12-07,26.97,1062,Netherlands
INV8474,SKU90114,Kitchen Item,7,2023-12-07,50.22,1078,United Kingdom
INV6582,SKU34164,Camera,31,2023-12-07,173.11,1009,United Kingdom
INV2938,SKU96652,Running Shoes,47,2023-12-07,48.67,1061,Italy
INV6610,SKU89215,Tool Kit,31,2023-12-08,28.56,1004,Switzerland
INV3637,SKU34116,Water Bottle,13,2023-12-08,18.95,1072,Portugal
INV8619,SKU43586,Board Game,48,2023-12-08,78.0,1020,Germany
INV6549,SKU24721,Car Accessory,36,2023-12-10,31.5,1051,EIRE
INV2388,SKU98094,Garden Tool,20,2023-12-10,19.12,1088,United Kingdom
INV5262,SKU29562,Shoes,37,2023-12-11,2.4,1067,Switzerland
INV6455,SKU49739,Tablet,48,2023-12-11,197.21,1031,EIRE
INV4678,SKU23334,Textbook,22,2023-12-12,27.97,1010,Italy
INV5240,SKU49768,Yoga Mat,36,2023-12-12,17.94,1005,Spain
INV8240,SKU88335,Board Game,2,2023-12-12,23.01,1088,United Kingdom
INV4705,SKU78084,Car Accessory,-10,2023-12-14,98.83,1054,Switzerland
INV7502,SKU28423,Basketball,33,2023-12-14,52.67,1074,Portugal
INV4320,SKU65864,Building Blocks,21,2023-12-14,97.61,1073,Netherlands
INV7292,SKU21433,Dress,39,2023-12-14,5.06,1083,EIRE
INV4105,SKU91877,Water Bottle,28,2023-12-14,24.01,1013,United Kingdom
INV2060,SKU57672,Yoga Mat,26,2023-12-16,24.05,1054,Spain
INV4878,SKU19556,Car Accessory,38,2023-12-18,9.47,1007,Belgium
INV3981,SKU26912,Skincare,4,2023-12-18,52.29,1038,United Kingdom
INV6824,SKU94485,Decor,7,2023-12-19,49.3,1040,Netherlands
INV6902,SKU64687,Garden Tool,43,2023-12-19,14.29,1009,France
INV2970,SKU68856,Plant Pot,13,2023-12-20,5.22,1010,Belgium
INV1508,SKU42411,Basketball,16,2023-12-20,47.88,1014,EIRE
INV6068,SKU40062,Gym Bag,41,2023-12-20,14.0,1021,United Kingdom
INV8267,SKU19632,Shoes,5,2023-12-20,28.23,1081,Netherlands
INV9222,SKU60967,Lamp,2,2023-12-20,16.4,1064,United Kingdom
INV9938,SKU14722,Car Toy,28,2023-12-21,5.14,1046,United Kingdom
INV2946,SKU65193,Maintenance Item,46,2023-12-21,33.16,1097,Belgium
INV2228,SKU12857,Sweater,29,2023-12-22,10.11,1042,United Kingdom
INV6779,SKU47281,Action Figure,-19,2023-12-22,83.86,1044,Italy
INV7864,SKU78650,Headphones,45,2023-12-23,87.06,1007,EIRE
INV8796,SKU90576,Laptop,43,2023-12-24,208.49,1000,Belgium
INV7855,SKU72685,Hat,14,2023-12-24,87.17,1039,Switzerland
INV6383,SKU29340,Camera,10,2023-12-24,146.98,1014,United Kingdom
INV8258,SKU93472,Non-Fiction,7,2023-12-25,13.14,1078,Italy
INV3897,SKU82963,Cookbook,28,2023-12-28,15.79,1097,United Kingdom
INV1609,SKU49893,Car Accessory,35,2023-12-29,39.48,1047,Portugal
INV7473,SKU96602,Cable,15,2023-12-30,201.94,1069,United Kingdom
INV9074,SKU11401,Hair Product,47,2023-12-30,48.49,1065,Portugal
INV9715,SKU45235,Foundation,12,2023-12-30,29.67,1081,Switzerland
INV5590,SKU39567,Garden Tool,43,2023-12-31,9.69,1048,Italy
INV9584,SKU14433,T-Shirt,27,2023-12-31,84.41,1029,United Kingdom
INV4612,SKU61807,Smartphone,14,2023-12-31,148.26,1015,United Kingdom
INV5616,SKU60052,Foundation,39,2024-01-01,87.43,1006,Netherlands
INV3017,SKU87276,Mascara,21,2024-01-03,25.53,1082,United Kingdom
INV3360,SKU49066,Action Figure,36,2024-01-04,13.2,1000,Belgium
INV4493,SKU15975,Garden Tool,18,2024-01-04,76.0,1021,Portugal
INV3907,SKU52413,Smartphone,46,2024-01-05,215.1,1046,Netherlands
INV1729,SKU23476,Fiction Novel,27,2024-01-05,0.46,1029,France
INV7554,SKU69777,Jacket,45,2024-01-06,54.05,1009,Spain
INV2584,SKU61629,Puzzle,24,2024-01-07,20.71,1065,United Kingdom
INV5543,SKU95969,Decor,16,2024-01-09,71.43,1031,Belgium
INV1462,SKU97251,Garden Tool,44,2024-01-10,26.17,1077,France
INV6491,SKU22240,Gym Bag,13,2024-01-10,3.42,1031,Italy
INV8300,SKU88005,Sweater,26,2024-01-11,14.09,1010,United Kingdom
INV7235,SKU15754,Garden Tool,43,2024-01-13,17.05,1018,United Kingdom
INV2807,SKU25842,Car Toy,34,2024-01-16,12.66,1039,Spain
INV5833,SKU58174,Tennis Racket,31,2024-01-16,46.04,1077,United Kingdom
INV4593,SKU28131,Car Accessory,8,2024-01-16,63.12,1087,Germany
INV9849,SKU20561,Plant Pot,45,2024-01-16,70.94,1008,Netherlands
INV1618,SKU96760,Car Toy,25,2024-01-17,17.06,1088,France
INV5961,SKU90534,Dress,38,2024-01-17,17.95,1079,Italy
INV7948,SKU79721,Foundation,23,2024-01-18,28.29,1092,United Kingdom
INV1408,SKU63026,Tool Kit,21,2024-01-19,1.43,1094,Portugal
INV7852,SKU32439,Board Game,39,2024-01-20,79.17,1081,France
INV3776,SKU98345,Speaker,1,2024-01-21,18.37,1051,United Kingdom
INV7481,SKU86810,Shoes,9,2024-01-21,73.5,1055,Switzerland
INV3190,SKU61713,Hair Product,3,2024-01-24,66.95,1061,Spain
INV5889,SKU53399,T-Shirt,12,2024-01-25,67.54,1078,Italy
INV3916,SKU41467,Lipstick,-14,2024-01-26,39.46,1051,United Kingdom
INV2167,SKU63580,Laptop,37,2024-01-26,43.58,1032,Netherlands
INV2477,SKU42778,Building Blocks,46,2024-01-27,72.12,1015,United Kingdom
INV2223,SKU36569,Kitchen Item,7,2024-01-28,45.51,1040,Portugal
INV8962,SKU19071,Plant Pot,36,2024-01-29,27.24,1077,EIRE
INV2476,SKU93188,Jeans,6,2024-01-29,57.96,1010,Portugal
INV7243,SKU90434,Magazine,10,2024-01-31,49.23,1053,Italy
INV9158,SKU21415,Cookbook,30,2024-02-01,69.78,1061,EIRE
INV3025,SKU55823,Sweater,12,2024-02-01,75.24,1034,Italy
INV8618,SKU67905,Tool Kit,48,2024-02-02,66.23,1036,Italy
INV1229,SKU79315,Gym Bag,19,2024-02-04,90.26,1068,United Kingdom
INV7811,SKU10863,Running Shoes,33,2024-02-04,9.44,1047,Belgium
INV1573,SKU21090,Jacket,35,2024-02-04,42.88,1084,United Kingdom
INV9986,SKU68360,Cleaning Product,20,2024-02-04,79.14,1029,Spain
INV9047,SKU36237,Dress,29,2024-02-05,89.97,1056,Netherlands
INV5603,SKU46073,Fiction Novel,39,2024-02-07,60.99,1084,France
INV3159,SKU11947,Board Game,2,2024-02-07,27.27,1016,Portugal
INV6977,SKU27224,Jacket,27,2024-02-08,20.88,1069,Netherlands
INV2496,SKU40005,Camera,49,2024-02-08,117.87,1035,United Kingdom
INV4594,SKU85457,Mascara,12,2024-02-09,24.42,1040,Netherlands
INV1795,SKU82512,Skincare,33,2024-02-10,69.49,1022,France
INV4587,SKU44340,Garden Tool,16,2024-02-11,20.4,1022,Germany
INV3759,SKU20169,Camera,23,2024-02-11,34.84,1086,Switzerland
INV9952,SKU27734,Perfume,2,2024-02-12,45.91,1091,Switzerland
INV7997,SKU99056,Lamp,31,2024-02-12,94.56,1015,Netherlands
INV9548,SKU34824,Car Accessory,35,2024-02-13,96.28,1035,EIRE
INV6026,SKU63382,Lamp,21,2024-02-14,3.69,1007,United Kingdom
INV2623,SKU16286,Garden Tool,25,2024-02-14,35.17,1094,Portugal
INV9004,SKU18379,Sweater,8,2024-02-14,86.34,1088,United Kingdom
INV8807,SKU51139,Board Game,18,2024-02-16,94.76,1087,EIRE
INV8713,SKU26769,Cookbook,49,2024-02-16,71.04,1083,United Kingdom
INV9592,SKU51777,Perfume,25,2024-02-17,75.69,1060,United Kingdom
INV7039,SKU29442,Car Accessory,30,2024-02-18,81.74,1022,United Kingdom
INV7643,SKU66059,Action Figure,7,2024-02-18,98.19,1061,United Kingdom
INV9914,SKU60793,Garden Tool,24,2024-02-20,45.13,1033,Spain
INV2353,SKU66223,Water Bottle,33,2024-02-20,25.7,1098,United Kingdom
INV5767,SKU21492,Jeans,38,2024-02-21,74.72,1014,France
INV2744,SKU18561,Water Bottle,-11,2024-02-21,55.62,1081,EIRE
INV5668,SKU13515,Non-Fiction,33,2024-02-22,33.6,1006,EIRE
INV7857,SKU63031,Hair Product,-2,2024-02-23,34.97,1091,United Kingdom
INV6134,SKU59832,Camera,35,2024-02-23,252.03,1040,France
INV3378,SKU95162,Running Shoes,35,2024-02-24,9.52,1098,Switzerland
INV3436,SKU40065,Dress,18,2024-02-25,92.98,1054,United Kingdom
INV6681,SKU68762,Lipstick,47,2024-02-25,47.45,1056,United Kingdom
INV4833,SKU79993,Yoga Mat,31,2024-02-27,37.42,1073,Switzerland
INV9154,SKU74553,Kitchen Item,19,2024-02-27,1.16,1003,Germany
INV6851,SKU26805,Basketball,5,2024-02-27,32.46,1057,United Kingdom
INV8306,SKU56844,Shoes,42,2024-02-28,58.76,1028,Spain
INV8421,SKU79632,Magazine,29,2024-02-29,15.78,1038,Spain
INV4744,SKU23090,Non-Fiction,25,2024-02-29,12.04,1019,United Kingdom
INV5901,SKU93746,Hair Product,20,2024-03-03,99.94,1061,United Kingdom
INV4677,SKU12717,Tablet,30,2024-03-03,74.77,1006,Belgium
INV3209,SKU18270,Car Accessory,3,2024-03-04,88.69,1040,Portugal
INV3608,SKU24168,Lipstick,15,2024-03-04,81.84,1058,United Kingdom
INV7170,SKU86415,Camera,19,2024-03-05,192.04,1006,United Kingdom
INV8303,SKU22928,Shoes,31,2024-03-06,53.82,1019,United Kingdom
INV7694,SKU11967,Magazine,43,2024-03-07,25.32,1056,Switzerland
INV1266,SKU26284,Furniture,28,2024-03-07,99.57,1016,Spain
INV9147,SKU71080,Scarf,21,2024-03-08,37.7,1052,United Kingdom
INV1310,SKU67807,Doll,45,2024-03-08,41.63,1099,Switzerland
INV3253,SKU59089,Cleaning Product,25,2024-03-09,64.56,1030,Italy
INV3318,SKU36767,Lamp,36,2024-03-09,24.39,1010,Switzerland
INV5942,SKU97501,Laptop,39,2024-03-10,106.51,1085,United Kingdom
INV3669,SKU85007,Tennis Racket,44,2024-03-11,27.64,1052,United Kingdom
INV9175,SKU36170,Gym Bag,17,2024-03-11,23.69,1031,Netherlands
INV2723,SKU76112,Doll,17,2024-03-12,51.1,1059,United Kingdom
INV7944,SKU64289,Kitchen Item,10,2024-03-12,31.02,1067,Germany
INV6929,SKU80742,Running Shoes,43,2024-03-13,28.37,1024,United Kingdom
INV4992,SKU81820,Furniture,22,2024-03-13,81.58,1075,Belgium
INV4844,SKU96772,Cookbook,6,2024-03-15,6.16,1008,Switzerland
INV5712,SKU88696,Textbook,33,2024-03-17,8.83,1013,United Kingdom
INV3844,SKU11965,Hair Product,25,2024-03-17,46.42,1008,Spain
INV9814,SKU79888,Laptop,41,2024-03-18,185.07,1013,United Kingdom
INV9832,SKU25448,Textbook,17,2024-03-18,0.75,1050,United Kingdom
INV2342,SKU22091,Charger,31,2024-03-19,92.78,1067,Portugal
INV2752,SKU43330,Tennis Racket,26,2024-03-20,46.25,1024,Germany
INV5355,SKU79339,Laptop,5,2024-03-21,158.15,1092,United Kingdom
INV4490,SKU92323,Furniture,29,2024-03-22,9.58,1012,United Kingdom
INV9114,SKU41524,T-Shirt,27,2024-03-23,14.14,1037,United Kingdom
INV7301,SKU20959,Skincare,45,2024-03-24,70.61,1030,United Kingdom
INV2404,SKU38389,Maintenance Item,11,2024-03-24,83.21,1076,United Kingdom
INV1448,SKU73172,Jacket,41,2024-03-25,68.01,1029,Belgium
INV8443,SKU15530,Tool Kit,41,2024-03-28,69.63,1059,EIRE
INV2341,SKU71644,Smartphone,23,2024-03-29,174.64,1083,United Kingdom
INV9757,SKU93040,Car Accessory,22,2024-03-29,93.25,1098,Germany
INV9595,SKU88222,Fiction Novel,19,2024-04-01,16.57,1090,Spain
INV6799,SKU71428,Textbook,34,2024-04-03,22.75,1039,Netherlands
INV9553,SKU65139,Action Figure,28,2024-04-03,93.9,1061,Belgium
INV6340,SKU64927,Gym Bag,21,2024-04-04,78.12,1041,United Kingdom
INV1132,SKU84177,Cable,19,2024-04-04,123.94,1081,United Kingdom
INV2388,SKU27606,Jacket,23,2024-04-04,58.81,1059,Netherlands
INV3482,SKU99440,Car Accessory,6,2024-04-06,88.56,1087,France
INV9454,SKU32865,Garden Tool,30,2024-04-06,79.98,1080,United Kingdom
INV6742,SKU87207,Hat,31,2024-04-07,91.1,1010,United Kingdom
INV8415,SKU23432,Gym Bag,25,2024-04-12,51.58,1089,United Kingdom
INV9903,SKU59441,Cleaning Product,45,2024-04-13,57.61,1029,Belgium
INV2625,SKU37235,Yoga Mat,11,2024-04-14,18.21,1009,United Kingdom
INV6310,SKU74042,Laptop,20,2024-04-14,18.97,1010,United Kingdom
INV4005,SKU84529,Hat,3,2024-04-14,88.67,1020,United Kingdom
INV8688,SKU74990,Lamp,21,2024-04-15,33.76,1035,United Kingdom
INV8106,SKU84202,Tablet,10,2024-04-15,40.19,1038,Belgium
INV9691,SKU72240,Laptop,29,2024-04-15,219.17,1079,United Kingdom
INV8342,SKU12260,Jacket,45,2024-04-18,31.31,1074,United Kingdom
INV9159,SKU92203,Cookbook,31,2024-04-19,51.83,1038,United Kingdom
INV9784,SKU78843,Laptop,3,2024-04-20,109.59,1094,United Kingdom
INV7033,SKU87554,Tool Kit,35,2024-04-20,15.91,1052,United Kingdom
INV4479,SKU86486,Headphones,5,2024-04-21,193.83,1042,United Kingdom
INV9951,SKU38644,Lipstick,42,2024-04-22,30.47,1004,Netherlands
INV6103,SKU31516,Tennis Racket,39,2024-04-23,31.01,1073,EIRE
INV1420,SKU88893,Jacket,49,2024-04-23,37.47,1079,Switzerland
INV2612,SKU17944,Hair Product,7,2024-04-23,19.97,1068,Belgium
INV3848,SKU14073,Perfume,36,2024-04-24,10.38,1013,France
INV6286,SKU39552,Car Toy,6,2024-04-25,20.43,1070,United Kingdom
INV8187,SKU35292,Charger,9,2024-04-25,200.44,1056,Portugal
INV8767,SKU27342,Kitchen Item,15,2024-04-27,61.23,1039,Spain
INV7961,SKU64135,Scarf,37,2024-04-28,36.19,1074,United Kingdom
INV7698,SKU57483,Dress,38,2024-04-28,26.87,1068,Netherlands
INV1945,SKU83242,Cleaning Product,26,2024-04-29,81.83,1095,United Kingdom
INV6139,SKU67199,Hat,13,2024-04-29,5.39,1055,United Kingdom
INV4872,SKU67986,Lipstick,26,2024-04-30,30.79,1096,United Kingdom
INV9095,SKU29548,Jeans,7,2024-05-01,64.79,1058,Spain
INV7513,SKU37815,Hair Product,39,2024-05-01,8.23,1071,United Kingdom
INV9857,SKU66525,Water Bottle,29,2024-05-04,11.23,1009,United Kingdom
INV4048,SKU75410,Skincare,50,2024-05-05,70.7,1027,Spain
INV8914,SKU73979,Hat,5,2024-05-06,65.84,1001,Portugal
INV6573,SKU24621,Magazine,1,2024-05-08,66.2,1064,Spain
INV3534,SKU22358,Cable,9,2024-05-10,88.62,1029,United Kingdom
INV6343,SKU14899,Maintenance Item,27,2024-05-12,3.02,1060,Netherlands
INV5064,SKU10895,Magazine,49,2024-05-12,43.05,1092,Spain
INV4060,SKU75038,Cleaning Product,34,2024-05-12,80.31,1093,Belgium
INV6435,SKU72771,Plant Pot,45,2024-05-12,63.12,1015,United Kingdom
INV9399,SKU36197,Maintenance Item,31,2024-05-13,56.74,1054,United Kingdom
INV2802,SKU11776,Headphones,6,2024-05-13,36.91,1001,United Kingdom
INV9474,SKU43980,Garden Tool,50,2024-05-14,73.56,1015,United Kingdom
INV6924,SKU90318,Non-Fiction,16,2024-05-14,28.91,1046,United Kingdom
INV4678,SKU52179,Running Shoes,21,2024-05-16,82.77,1073,United Kingdom
INV6846,SKU52624,Maintenance Item,35,2024-05-17,55.31,1017,Portugal
INV5739,SKU95597,Lamp,31,2024-05-18,60.19,1087,United Kingdom
INV2680,SKU77621,Jacket,11,2024-05-18,45.48,1065,United Kingdom
INV5662,SKU69552,Tool Kit,30,2024-05-18,20.09,1014,United Kingdom
INV9011,SKU51555,Cleaning Product,47,2024-05-19,29.49,1073,Belgium
INV9720,SKU51831,Car Accessory,11,2024-05-19,12.33,1079,Germany
INV8901,SKU58653,Doll,37,2024-05-20,49.59,1097,Spain
INV6759,SKU68606,Speaker,28,2024-05-20,172.81,1007,United Kingdom
INV6765,SKU56580,Non-Fiction,33,2024-05-21,49.88,1049,United Kingdom
INV4733,SKU47930,Sweater,25,2024-05-23,45.89,1046,United Kingdom
INV8889,SKU20494,Decor,49,2024-05-25,47.03,1010,Italy
INV3979,SKU73904,Yoga Mat,22,2024-05-25,88.15,1089,Portugal
INV5835,SKU75390,Skincare,6,2024-05-25,38.92,1053,United Kingdom
INV6004,SKU73828,Dress,6,2024-05-26,86.01,1017,EIRE
INV3276,SKU67658,Plant Pot,42,2024-05-26,21.94,1023,United Kingdom
INV5430,SKU33568,Speaker,2,2024-05-26,20.32,1067,United Kingdom
INV9353,SKU65977,Camera,24,2024-05-26,242.25,1031,United Kingdom
INV9755,SKU86027,Board Game,-4,2024-05-27,37.93,1062,France
INV2676,SKU10963,Car Toy,39,2024-05-28,30.55,1013,Netherlands
INV2070,SKU72303,Shoes,11,2024-05-28,77.03,1077,Portugal
INV6482,SKU18639,Action Figure,25,2024-05-29,25.95,1084,Italy
INV6898,SKU69297,Maintenance Item,-19,2024-05-30,59.98,1066,United Kingdom
INV9099,SKU67536,Tablet,34,2024-05-31,54.27,1065,EIRE
INV3451,SKU29424,Jeans,7,2024-05-31,86.88,1044,Spain
INV7209,SKU10282,Mascara,30,2024-05-31,42.88,1093,Portugal
INV7524,SKU81176,Cleaning Product,-14,2024-05-31,36.34,1099,United Kingdom
INV9540,SKU73517,Yoga Mat,46,2024-05-31,24.21,1042,United Kingdom
INV5161,SKU70236,Cookbook,-6,2024-06-02,25.8,1056,Italy
INV9096,SKU25533,Gym Bag,18,2024-06-02,74.9,1048,United Kingdom
INV2075,SKU34687,Car Accessory,12,2024-06-03,95.87,1009,United Kingdom
INV1505,SKU38905,Fiction Novel,35,2024-06-03,9.33,1095,Switzerland
INV1977,SKU31747,Comic Book,37,2024-06-03,23.77,1038,Spain
INV2807,SKU78121,Furniture,46,2024-06-03,56.16,1005,United Kingdom
INV1025,SKU22697,Hat,42,2024-06-03,73.57,1021,United Kingdom
INV1840,SKU64995,Textbook,29,2024-06-03,22.61,1016,United Kingdom
INV7846,SKU33040,Charger,12,2024-06-04,132.92,1072,Netherlands
INV5327,SKU70853,Laptop,3,2024-06-05,92.21,1054,Germany
INV9218,SKU77672,Doll,22,2024-06-05,36.67,1055,United Kingdom
INV9975,SKU51144,Tennis Racket,46,2024-06-05,68.97,1086,United Kingdom
INV8855,SKU85766,Tennis Racket,3,2024-06-09,2.99,1033,Germany
INV9697,SKU75771,Non-Fiction,31,2024-06-10,35.16,1014,Germany
INV7248,SKU84963,Car Toy,45,2024-06-10,3.17,1084,United Kingdom
INV8932,SKU35200,Yoga Mat,15,2024-06-12,77.35,1090,United Kingdom
INV5698,SKU71498,Cable,31,2024-06-14,4.09,1037,United Kingdom
INV4394,SKU86943,Decor,5,2024-06-14,17.08,1030,Belgium
INV6373,SKU90356,Board Game,40,2024-06-14,59.78,1064,Portugal
INV3452,SKU33910,Tool Kit,45,2024-06-14,47.55,1092,United Kingdom
INV4438,SKU22977,Tablet,-16,2024-06-14,156.31,1017,EIRE
INV3553,SKU73176,Charger,6,2024-06-15,103.62,1093,United Kingdom
INV3449,SKU81932,Lipstick,16,2024-06-16,13.06,1030,Italy
INV3738,SKU81265,Puzzle,44,2024-06-16,27.87,1089,Germany
INV2686,SKU63174,Shoes,5,2024-06-17,53.74,1051,EIRE
INV7054,SKU47353,Furniture,46,2024-06-17,61.56,1083,Portugal
INV4264,SKU34380,Mascara,3,2024-06-17,83.62,1038,Switzerland
INV7943,SKU59345,Doll,30,2024-06-17,68.04,1079,United Kingdom
INV2467,SKU67915,Textbook,10,2024-06-18,1.15,1097,Netherlands
INV3851,SKU90676,Magazine,1,2024-06-19,15.14,1074,Netherlands
INV7347,SKU77649,Tablet,26,2024-06-19,149.67,1021,Italy
INV8264,SKU94030,Lamp,41,2024-06-20,32.06,1010,United Kingdom
INV7494,SKU65524,Cleaning Product,33,2024-06-21,71.23,1054,Spain
INV9872,SKU55406,Speaker,-8,2024-06-22,25.91,1030,United Kingdom
INV3798,SKU93648,Fiction Novel,8,2024-06-23,42.14,1084,United Kingdom
INV1430,SKU89822,Fiction Novel,45,2024-06-24,43.86,1023,Italy
INV4808,SKU75984,Tablet,-17,2024-06-24,52.29,1031,United Kingdom
INV2531,SKU94675,Skincare,24,2024-06-24,18.85,1027,United Kingdom
INV3525,SKU25807,Magazine,48,2024-06-25,54.44,1045,Netherlands
INV4696,SKU65550,Sweater,22,2024-06-26,7.22,1080,United Kingdom
INV4122,SKU12348,Tablet,23,2024-06-27,28.57,1075,United Kingdom
INV9527,SKU80882,Non-Fiction,36,2024-06-27,35.7,1020,United Kingdom
INV9088,SKU25167,Mascara,48,2024-06-27,69.02,1056,United Kingdom
INV7505,SKU15544,Lipstick,5,2024-06-28,58.0,1073,Belgium
INV1769,SKU60014,Perfume,44,2024-06-28,96.62,1006,United Kingdom
INV4193,SKU78151,Building Blocks,12,2024-06-28,55.21,1086,United Kingdom
INV5125,SKU75070,Sweater,50,2024-06-28,33.6,1074,EIRE
INV7095,SKU68188,Dress,26,2024-06-29,65.31,1031,United Kingdom
INV1525,SKU51347,Mascara,37,2024-06-30,22.05,1063,United Kingdom
INV5635,SKU44500,Comic Book,11,2024-07-01,40.35,1019,Switzerland
INV7981,SKU69133,Maintenance Item,32,2024-07-02,28.03,1003,United Kingdom
INV7631,SKU19351,Dress,21,2024-07-02,65.65,1090,United Kingdom
INV3873,SKU97340,Plant Pot,3,2024-07-02,57.88,1056,United Kingdom
INV3142,SKU34856,Water Bottle,24,2024-07-03,60.36,1081,United Kingdom
INV3911,SKU10235,Skincare,-1,2024-07-03,92.18,1078,United Kingdom
INV6658,SKU62260,Garden Tool,7,2024-07-04,24.93,1015,United Kingdom
INV5922,SKU52030,Running Shoes,26,2024-07-04,29.85,1088,Italy
INV7210,SKU34318,Speaker,16,2024-07-06,180.04,1068,EIRE
INV9468,SKU59146,Maintenance Item,-14,2024-07-06,51.88,1012,United Kingdom
INV1779,SKU33822,Smartphone,48,2024-07-07,48.55,1077,United Kingdom
INV3906,SKU69682,Action Figure,20,2024-07-08,37.49,1048,Belgium
INV2998,SKU61664,Car Toy,7,2024-07-09,16.22,1010,Switzerland
INV9758,SKU25228,Speaker,24,2024-07-10,23.64,1070,United Kingdom
INV9295,SKU18698,Doll,36,2024-07-12,45.87,1003,France
INV5993,SKU78731,Speaker,10,2024-07-12,92.91,1006,Belgium
INV1756,SKU90744,Water Bottle,10,2024-07-13,25.47,1080,France
INV2838,SKU18094,Water Bottle,11,2024-07-13,85.59,1056,United Kingdom
INV2063,SKU48382,Tool Kit,18,2024-07-15,53.18,1067,United Kingdom
INV9821,SKU97900,Yoga Mat,43,2024-07-16,62.69,1084,Spain
INV3627,SKU15164,Tool Kit,31,2024-07-16,24.22,1001,Germany
INV7885,SKU50838,Cleaning Product,3,2024-07-16,8.94,1096,United Kingdom
INV1920,SKU40490,Basketball,1,2024-07-17,91.87,1025,Netherlands
INV9025,SKU83783,Magazine,24,2024-07-17,53.48,1074,United Kingdom
INV8141,SKU93202,Car Accessory,27,2024-07-19,32.78,1013,Netherlands
INV5786,SKU67870,Car Accessory,24,2024-07-20,82.1,1015,Switzerland
INV5422,SKU24208,Jeans,50,2024-07-21,3.78,1036,United Kingdom
INV7223,SKU84683,Running Shoes,44,2024-07-23,26.48,1062,Switzerland
INV8518,SKU94972,Cookbook,48,2024-07-23,46.29,1096,United Kingdom
INV1343,SKU98795,Furniture,8,2024-07-24,93.68,1039,Netherlands
INV3361,SKU63736,Lamp,17,2024-07-24,62.7,1050,Netherlands
INV5098,SKU68034,Skincare,16,2024-07-25,96.16,1058,Italy
INV2463,SKU91889,Perfume,26,2024-07-25,54.56,1085,Spain
INV9327,SKU27892,Jacket,27,2024-07-26,93.49,1064,United Kingdom
INV6143,SKU86966,Maintenance Item,17,2024-07-27,96.71,1023,United Kingdom
INV5280,SKU40958,Tool Kit,3,2024-07-29,98.42,1018,France
INV6483,SKU44048,Puzzle,17,2024-07-30,2.96,1015,United Kingdom
INV9800,SKU81765,Jacket,48,2024-07-30,21.96,1082,France
INV6194,SKU94192,Scarf,34,2024-07-30,13.71,1099,Italy
INV7464,SKU55237,Garden Tool,-18,2024-08-01,92.48,1083,United Kingdom
INV2705,SKU75035,Garden Tool,16,2024-08-02,98.26,1021,Germany
INV8279,SKU40612,Maintenance Item,6,2024-08-03,43.36,1060,Germany
INV6456,SKU32037,Jeans,13,2024-08-04,35.76,1082,EIRE
INV3370,SKU21855,Board Game,25,2024-08-08,32.61,1054,Belgium
INV6172,SKU79501,Laptop,41,2024-08-09,205.45,1083,Netherlands
INV3131,SKU82924,Speaker,27,2024-08-09,254.74,1054,United Kingdom
INV7996,SKU89802,Puzzle,40,2024-08-09,92.78,1078,Portugal
INV8749,SKU63354,Basketball,28,2024-08-09,42.93,1059,United Kingdom
INV4070,SKU66489,Maintenance Item,6,2024-08-09,55.87,1076,Netherlands
INV3945,SKU69558,Skincare,25,2024-08-10,23.35,1054,Italy
INV1660,SKU38183,Board Game,16,2024-08-11,40.23,1006,Spain
INV4431,SKU82984,Smartphone,17,2024-08-12,119.85,1064,United Kingdom
INV1958,SKU29154,Doll,9,2024-08-12,17.17,1034,United Kingdom
INV1440,SKU91940,Doll,23,2024-08-12,41.78,1007,EIRE
INV1751,SKU11267,Decor,22,2024-08-13,89.56,1079,United Kingdom
INV6106,SKU86614,Skincare,49,2024-08-13,31.81,1069,France
INV8908,SKU84572,Tool Kit,50,2024-08-14,61.52,1087,France
INV2887,SKU28664,Magazine,38,2024-08-15,1.68,1025,United Kingdom
INV2091,SKU60940,Cookbook,43,2024-08-15,26.79,1083,United Kingdom
INV6909,SKU23965,T-Shirt,29,2024-08-15,76.37,1013,United Kingdom
INV5057,SKU23792,Car Toy,50,2024-08-16,45.98,1018,Belgium
INV7637,SKU96208,Cleaning Product,40,2024-08-16,69.38,1088,Spain
INV3045,SKU59615,Jacket,40,2024-08-17,58.16,1090,United Kingdom
INV8876,SKU53452,Foundation,1,2024-08-18,1.98,1045,United Kingdom
INV4926,SKU43158,Mascara,45,2024-08-18,90.41,1087,United Kingdom
INV9336,SKU10336,Smartphone,31,2024-08-19,67.13,1004,Belgium
INV4971,SKU52714,Mascara,26,2024-08-20,12.27,1072,United Kingdom
INV5681,SKU80345,Laptop,17,2024-08-21,156.99,1051,United Kingdom
INV8046,SKU52390,Jeans,28,2024-08-21,35.48,1041,United Kingdom
INV9161,SKU41031,Magazine,37,2024-08-22,1.38,1061,Germany
INV3842,SKU87728,Puzzle,27,2024-08-23,19.01,1048,Italy
INV5702,SKU55663,Jacket,43,2024-08-24,93.36,1091,United Kingdom
INV4483,SKU69694,Car Accessory,36,2024-08-25,92.25,1015,Belgium
INV6878,SKU15297,Running Shoes,17,2024-08-25,24.17,1085,United Kingdom
INV9381,SKU17346,Doll,28,2024-08-25,39.23,1001,United Kingdom
INV9266,SKU91219,Mascara,43,2024-08-26,14.09,1071,United Kingdom
INV4978,SKU43422,Yoga Mat,29,2024-08-26,10.15,1092,United Kingdom
INV6152,SKU14145,Magazine,16,2024-08-27,35.46,1027,France
INV6820,SKU39272,Magazine,22,2024-08-27,11.98,1015,Italy
INV4022,SKU36890,Speaker,10,2024-08-28,134.51,1068,United Kingdom
INV2989,SKU11567,Tablet,26,2024-08-28,200.37,1010,Spain
INV3113,SKU67780,Car Toy,21,2024-08-29,9.27,1052,Spain
INV8029,SKU72573,Lipstick,-14,2024-08-29,95.06,1041,Portugal
INV9835,SKU36365,Magazine,42,2024-08-29,24.79,1015,United Kingdom
INV2617,SKU51948,Furniture,17,2024-08-31,94.22,1015,United Kingdom
INV4698,SKU45867,Laptop,15,2024-09-03,254.65,1015,United Kingdom
INV6198,SKU32833,Board Game,12,2024-09-03,31.38,1088,United Kingdom
INV7323,SKU67438,Foundation,32,2024-09-03,35.77,1048,United Kingdom
INV5262,SKU59689,Board Game,22,2024-09-04,28.55,1053,United Kingdom
INV2264,SKU71398,Cleaning Product,26,2024-09-05,17.32,1047,EIRE
INV3384,SKU93914,Yoga Mat,39,2024-09-05,7.18,1046,Switzerland
INV5366,SKU61435,Scarf,17,2024-09-06,83.0,1015,EIRE
INV9747,SKU47477,Lipstick,2,2024-09-06,15.39,1085,United Kingdom
INV2166,SKU71894,Water Bottle,44,2024-09-06,53.45,1052,United Kingdom
INV2562,SKU88018,Fiction Novel,37,2024-09-06,2.88,1098,United Kingdom
INV7993,SKU43144,Comic Book,43,2024-09-07,39.37,1096,Germany
INV7150,SKU97914,Scarf,42,2024-09-07,28.25,1083,United Kingdom
INV9955,SKU12316,Charger,8,2024-09-08,126.63,1056,United Kingdom
INV7512,SKU74884,Dress,33,2024-09-09,56.69,1049,Spain
INV6788,SKU95899,Non-Fiction,44,2024-09-09,45.36,1014,Germany
INV4925,SKU88250,Running Shoes,33,2024-09-10,94.99,1034,United Kingdom
INV1653,SKU99463,Doll,8,2024-09-11,26.4,1092,United Kingdom
INV8172,SKU67595,Garden Tool,19,2024-09-12,41.47,1043,United Kingdom
INV3809,SKU43022,Shoes,45,2024-09-13,68.11,1098,Netherlands
INV5216,SKU31229,Jacket,25,2024-09-13,33.93,1007,United Kingdom
INV5127,SKU83149,Sweater,27,2024-09-13,45.66,1051,United Kingdom
INV8080,SKU61849,Tablet,28,2024-09-14,2.62,1035,Germany
INV9890,SKU71069,Lipstick,27,2024-09-14,90.58,1074,United Kingdom
INV7427,SKU54225,Hair Product,23,2024-09-16,39.72,1067,Spain
INV9495,SKU11447,Garden Tool,27,2024-09-16,16.55,1014,United Kingdom
INV1769,SKU46429,Skincare,1,2024-09-17,20.27,1010,United Kingdom
INV4450,SKU39500,Headphones,47,2024-09-17,83.34,1020,Portugal
INV9248,SKU12132,Scarf,12,2024-09-18,5.48,1053,Spain
INV1352,SKU15210,Water Bottle,32,2024-09-18,74.69,1002,United Kingdom
INV9849,SKU44768,Textbook,4,2024-09-18,41.47,1019,United Kingdom
INV9036,SKU33646,Fiction Novel,12,2024-09-19,27.2,1018,United Kingdom
INV6328,SKU18322,Furniture,2,2024-09-19,56.05,1068,Portugal
INV8244,SKU38919,Puzzle,41,2024-09-20,16.41,1029,Belgium
INV9981,SKU58974,Running Shoes,28,2024-09-20,25.74,1091,Belgium
INV8552,SKU16637,Kitchen Item,47,2024-09-20,50.12,1048,France
INV4106,SKU10547,Speaker,27,2024-09-20,199.95,1062,United Kingdom
INV8107,SKU29473,Foundation,-13,2024-09-22,49.37,1088,France
INV8567,SKU59958,Building Blocks,13,2024-09-22,4.74,1032,United Kingdom
INV2106,SKU11807,Non-Fiction,-19,2024-09-23,31.42,1064,Belgium
INV2790,SKU93385,Board Game,14,2024-09-23,70.2,1000,Switzerland
INV1890,SKU94182,Fiction Novel,30,2024-09-24,25.91,1096,EIRE
INV6785,SKU77699,Camera,6,2024-09-24,184.92,1009,France
INV4522,SKU66370,Tool Kit,30,2024-09-24,42.18,1012,United Kingdom
INV7945,SKU37594,Hair Product,24,2024-09-26,28.68,1023,Italy
INV2723,SKU61952,Car Accessory,26,2024-09-26,69.81,1013,France
INV9779,SKU38059,Textbook,-2,2024-09-27,49.38,1011,Italy
INV7275,SKU95824,Maintenance Item,-12,2024-09-28,15.24,1077,Belgium
INV8122,SKU55123,T-Shirt,33,2024-09-29,84.92,1037,United Kingdom
INV7126,SKU17367,Lamp,33,2024-09-29,14.43,1067,United Kingdom
INV5472,SKU94388,Mascara,39,2024-09-30,98.76,1065,United Kingdom
INV3406,SKU17328,Garden Tool,34,2024-10-01,60.34,1072,Spain
INV6890,SKU40972,Laptop,11,2024-10-01,198.81,1090,Germany
INV1326,SKU17251,Shoes,5,2024-10-02,89.78,1085,Germany
INV9586,SKU99551,Tool Kit,21,2024-10-05,64.45,1014,United Kingdom
INV3079,SKU37021,Decor,29,2024-10-07,24.69,1022,United Kingdom
INV4878,SKU31299,Furniture,-10,2024-10-07,80.42,1094,Spain
INV4692,SKU49418,Furniture,36,2024-10-08,96.81,1071,Belgium
INV3332,SKU46677,T-Shirt,34,2024-10-08,70.38,1047,Germany
INV7518,SKU54939,Magazine,9,2024-10-08,45.08,1065,United Kingdom
INV8167,SKU22021,Running Shoes,2,2024-10-10,6.27,1064,United Kingdom
INV9268,SKU49309,Hair Product,13,2024-10-10,40.83,1079,Portugal
INV7156,SKU21593,Charger,18,2024-10-10,40.17,1072,France
INV8476,SKU55453,Magazine,12,2024-10-11,19.25,1093,Belgium
INV3115,SKU32713,Tennis Racket,7,2024-10-11,94.36,1063,United Kingdom
INV6756,SKU50381,Car Accessory,29,2024-10-11,80.56,1036,United Kingdom
INV9051,SKU20480,Car Accessory,48,2024-10-11,82.38,1090,United Kingdom
INV8974,SKU96235,Foundation,42,2024-10-11,86.16,1089,Belgium
INV9008,SKU10273,Shoes,3,2024-10-13,48.64,1039,Netherlands
INV2406,SKU51035,Running Shoes,45,2024-10-13,21.75,1057,United Kingdom
INV4385,SKU88654,Yoga Mat,13,2024-10-14,18.86,1018,United Kingdom
INV7232,SKU72518,Speaker,25,2024-10-15,141.24,1077,Switzerland
INV5816,SKU73691,Headphones,38,2024-10-17,16.53,1036,United Kingdom
INV1176,SKU71455,Maintenance Item,22,2024-10-17,35.94,1037,United Kingdom
INV3283,SKU48626,Tool Kit,36,2024-10-17,25.01,1028,United Kingdom
INV6908,SKU92502,Tennis Racket,34,2024-10-17,78.93,1017,Belgium
INV2312,SKU74447,Maintenance Item,22,2024-10-18,87.8,1012,Spain
INV9846,SKU87660,Non-Fiction,20,2024-10-18,35.06,1007,Spain
INV9180,SKU28242,Non-Fiction,10,2024-10-19,26.66,1076,Belgium
INV9349,SKU74044,Building Blocks,25,2024-10-20,73.83,1031,Netherlands
INV3257,SKU25366,Furniture,45,2024-10-20,37.8,1089,United Kingdom
INV4712,SKU50295,Plant Pot,6,2024-10-21,69.39,1014,United Kingdom
INV2728,SKU93705,Building Blocks,43,2024-10-23,88.4,1021,Portugal
INV5150,SKU48609,Car Accessory,18,2024-10-23,69.53,1085,Netherlands
INV6008,SKU86568,Kitchen Item,21,2024-10-24,17.7,1040,United Kingdom
INV9561,SKU59856,Maintenance Item,38,2024-10-25,31.23,1079,United Kingdom
INV1474,SKU16028,Action Figure,24,2024-10-27,15.41,1067,France
INV5478,SKU69054,Tool Kit,25,2024-10-28,19.39,1074,Germany
INV9199,SKU80776,Maintenance Item,3,2024-10-28,73.72,1077,United Kingdom
INV2469,SKU61813,Dress,18,2024-10-28,21.87,1064,Netherlands
INV2787,SKU21248,Decor,26,2024-10-29,20.75,1042,United Kingdom
INV4156,SKU58777,Furniture,21,2024-10-30,38.52,1077,United Kingdom
INV7100,SKU96626,Kitchen Item,40,2024-10-30,87.96,1008,United Kingdom
INV7222,SKU99589,Perfume,34,2024-10-31,2.17,1057,United Kingdom
INV4987,SKU37740,Decor,7,2024-10-31,99.34,1003,United Kingdom
INV9237,SKU97475,Board Game,24,2024-11-01,20.97,1081,Germany
INV6623,SKU59415,Hair Product,36,2024-11-02,81.04,1028,United Kingdom
INV9939,SKU33583,Cable,14,2024-11-03,219.67,1008,Belgium
INV7928,SKU38574,Lamp,18,2024-11-05,41.43,1075,United Kingdom
INV9502,SKU61744,Comic Book,28,2024-11-05,53.56,1093,France
INV6438,SKU45811,Shoes,26,2024-11-05,89.57,1049,United Kingdom
INV1110,SKU61864,Car Toy,22,2024-11-05,34.14,1083,France
INV2616,SKU38051,Cleaning Product,12,2024-11-05,67.68,1013,United Kingdom
INV1966,SKU33950,Yoga Mat,27,2024-11-06,63.06,1079,United Kingdom
INV6257,SKU45313,Skincare,13,2024-11-07,21.93,1052,Portugal
INV7579,SKU76151,Building Blocks,39,2024-11-08,93.42,1040,Netherlands
INV4006,SKU46509,Tool Kit,5,2024-11-08,80.99,1070,United Kingdom
INV8170,SKU15726,Mascara,16,2024-11-09,61.45,1096,Switzerland
INV9816,SKU20636,T-Shirt,43,2024-11-10,67.55,1045,Belgium
INV2113,SKU11567,Lipstick,44,2024-11-11,35.8,1092,United Kingdom
INV9314,SKU56461,T-Shirt,8,2024-11-14,30.5,1094,United Kingdom
INV4140,SKU64815,Comic Book,24,2024-11-14,22.73,1055,United Kingdom
INV7181,SKU72289,Plant Pot,30,2024-11-15,67.05,1019,Netherlands
INV9270,SKU65933,Tool Kit,31,2024-11-15,26.66,1031,Spain
INV5713,SKU11800,Building Blocks,20,2024-11-15,47.65,1042,United Kingdom
INV7479,SKU45553,Cleaning Product,34,2024-11-16,41.98,1023,France
INV4053,SKU27607,Running Shoes,8,2024-11-16,57.14,1027,United Kingdom
INV5089,SKU77681,Kitchen Item,21,2024-11-17,48.36,1094,United Kingdom
INV8121,SKU42949,Car Toy,49,2024-11-19,5.29,1094,United Kingdom
INV3979,SKU91685,Non-Fiction,22,2024-11-19,20.08,1048,United Kingdom
INV6703,SKU55544,Non-Fiction,13,2024-11-20,54.66,1033,United Kingdom
INV9337,SKU45838,Perfume,16,2024-11-22,55.58,1049,United Kingdom
INV2522,SKU58840,Board Game,26,2024-11-22,27.91,1049,Switzerland
INV4541,SKU89879,Tool Kit,9,2024-11-23,72.26,1080,United Kingdom
INV7367,SKU90125,Skincare,23,2024-11-23,62.12,1086,Spain
INV3470,SKU28004,Yoga Mat,37,2024-11-23,15.18,1091,United Kingdom
INV4648,SKU82154,Perfume,6,2024-11-25,44.97,1073,Switzerland
INV7882,SKU74251,Hat,41,2024-11-25,71.02,1055,United Kingdom
INV7304,SKU68059,Gym Bag,13,2024-11-26,73.8,1012,EIRE
INV9515,SKU96998,Basketball,35,2024-11-26,32.28,1037,Switzerland
INV5500,SKU87518,Speaker,20,2024-11-27,72.51,1036,United Kingdom
INV3594,SKU50730,Charger,8,2024-11-27,234.2,1019,Spain
INV5429,SKU45007,Jacket,26,2024-11-27,77.54,1095,United Kingdom
INV5044,SKU78925,Car Toy,30,2024-11-28,58.04,1094,United Kingdom
INV6864,SKU60692,Decor,8,2024-11-28,37.68,1024,EIRE
INV4907,SKU24884,Plant Pot,-11,2024-11-30,49.05,1055,United Kingdom
INV6500,SKU17184,Action Figure,24,2024-12-01,62.29,1046,United Kingdom
INV6292,SKU66694,Mascara,34,2024-12-02,50.06,1066,EIRE
INV3958,SKU12438,Kitchen Item,43,2024-12-03,27.53,1081,Italy
INV9029,SKU34874,Kitchen Item,47,2024-12-04,28.26,1076,Portugal
INV3938,SKU44116,Kitchen Item,22,2024-12-04,14.06,1040,Belgium
INV1871,SKU34762,Lamp,3,2024-12-06,26.76,1090,Germany
INV3162,SKU60703,Mascara,12,2024-12-07,95.49,1098,United Kingdom
INV5454,SKU73068,Shoes,11,2024-12-07,44.7,1064,Belgium
INV4884,SKU64079,Running Shoes,5,2024-12-07,58.92,1006,France
INV4485,SKU14804,Comic Book,35,2024-12-08,24.61,1050,United Kingdom
INV6679,SKU62928,Skincare,1,2024-12-08,65.76,1097,Belgium
INV6120,SKU97177,Textbook,44,2024-12-10,5.47,1011,Netherlands
INV8680,SKU95140,Board Game,32,2024-12-10,14.61,1024,United Kingdom
INV2552,SKU87576,Puzzle,34,2024-12-11,43.28,1044,Spain
INV1635,SKU61877,Building Blocks,48,2024-12-11,92.16,1047,United Kingdom
INV7652,SKU60012,Skincare,12,2024-12-11,14.77,1071,United Kingdom
INV6349,SKU60264,Non-Fiction,43,2024-12-12,60.48,1085,United Kingdom
INV2654,SKU75821,Lamp,25,2024-12-13,59.05,1004,United Kingdom
INV1084,SKU82135,Furniture,31,2024-12-13,65.4,1096,Netherlands
INV9115,SKU79111,Jacket,6,2024-12-14,30.74,1016,Spain
INV3435,SKU95964,Garden Tool,29,2024-12-14,81.65,1014,Spain
INV7518,SKU39110,Lamp,28,2024-12-14,94.03,1004,Belgium
INV2020,SKU28098,Water Bottle,43,2024-12-14,53.02,1040,Switzerland
INV1724,SKU15250,Car Accessory,26,2024-12-15,81.16,1089,Switzerland
INV2412,SKU18617,Magazine,47,2024-12-15,36.31,1073,United Kingdom
INV9614,SKU42656,Charger,23,2024-12-16,122.28,1072,Belgium
INV2742,SKU81089,Building Blocks,9,2024-12-16,76.21,1056,Spain
INV9856,SKU11934,Sweater,32,2024-12-17,22.16,1051,France
INV8496,SKU95804,Kitchen Item,45,2024-12-19,29.82,1018,United Kingdom
INV5514,SKU99208,Foundation,36,2024-12-19,18.69,1071,Spain
INV9548,SKU95256,Comic Book,35,2024-12-20,33.52,1075,United Kingdom
INV9108,SKU15346,Cleaning Product,36,2024-12-21,46.32,1014,France
INV4335,SKU45003,Garden Tool,45,2024-12-21,13.02,1080,EIRE
INV1815,SKU98338,Jacket,28,2024-12-22,61.1,1053,United Kingdom
INV4651,SKU77681,Mascara,23,2024-12-23,79.47,1077,United Kingdom
INV7364,SKU64819,Kitchen Item,12,2024-12-23,63.91,1088,France
INV9742,SKU59808,Building Blocks,49,2024-12-24,87.37,1004,EIRE
INV8550,SKU32050,Board Game,35,2024-12-25,19.22,1069,United Kingdom
INV1166,SKU77715,Basketball,27,2024-12-25,55.96,1030,Switzerland
INV1042,SKU47072,Comic Book,43,2024-12-26,45.35,1061,United Kingdom
INV1745,SKU17146,Cookbook,41,2024-12-27,3.42,1036,Switzerland
INV3555,SKU23983,Jeans,43,2024-12-29,61.77,1097,United Kingdom
INV2037,SKU80048,Foundation,14,2024-12-31,27.59,1036,United Kingdom
INV1998,SKU82970,Decor,36,2025-01-01,5.64,1044,Belgium
INV2578,SKU20029,Maintenance Item,43,2025-01-03,49.53,1033,Portugal
INV3785,SKU32946,Hat,16,2025-01-03,91.37,1018,United Kingdom
INV1244,SKU28693,Comic Book,6,2025-01-04,4.71,1037,United Kingdom
INV6123,SKU34881,Furniture,30,2025-01-04,88.03,1063,United Kingdom
INV7139,SKU28212,Garden Tool,1,2025-01-05,81.23,1045,United Kingdom
INV3323,SKU44131,Shoes,-16,2025-01-05,87.3,1035,Belgium
INV8055,SKU33028,Furniture,15,2025-01-06,56.31,1085,Germany
INV2487,SKU29078,Comic Book,11,2025-01-06,47.49,1064,Germany
INV4830,SKU44815,Shoes,19,2025-01-07,51.77,1082,United Kingdom
INV7790,SKU16094,Scarf,38,2025-01-10,14.33,1063,United Kingdom
INV5780,SKU91830,Camera,9,2025-01-11,23.04,1032,United Kingdom
INV2838,SKU59049,Tablet,29,2025-01-12,7.71,1064,United Kingdom
INV2188,SKU11220,Car Accessory,14,2025-01-12,27.25,1044,EIRE
INV9037,SKU96517,Maintenance Item,11,2025-01-12,6.52,1033,Belgium
INV2966,SKU25286,Jeans,43,2025-01-15,23.27,1075,Italy
INV4259,SKU85609,Garden Tool,44,2025-01-16,49.26,1094,Germany
INV7590,SKU20803,Garden Tool,6,2025-01-17,92.17,1019,Belgium
INV8362,SKU93109,Action Figure,25,2025-01-17,61.6,1020,United Kingdom
INV5423,SKU91631,Furniture,7,2025-01-17,72.16,1015,United Kingdom
INV4206,SKU12955,Scarf,6,2025-01-18,40.05,1062,United Kingdom
INV4613,SKU22661,Decor,27,2025-01-18,11.66,1041,United Kingdom
INV8934,SKU66524,Tablet,43,2025-01-19,131.61,1032,United Kingdom
INV9294,SKU23954,Jacket,8,2025-01-19,95.71,1068,Italy
INV9121,SKU85846,Fiction Novel,32,2025-01-19,36.05,1086,Switzerland
INV6832,SKU16385,Textbook,5,2025-01-20,12.4,1097,United Kingdom
INV6572,SKU73369,Textbook,7,2025-01-22,24.91,1092,United Kingdom
INV7199,SKU38913,Fiction Novel,16,2025-01-23,57.9,1088,Spain
INV5896,SKU20348,Hair Product,-2,2025-01-23,80.24,1086,France
INV3893,SKU65249,Tool Kit,41,2025-01-23,53.86,1040,Spain
INV1090,SKU23970,Foundation,45,2025-01-24,46.99,1071,United Kingdom
INV8692,SKU50458,Puzzle,1,2025-01-24,59.06,1086,United Kingdom
INV7622,SKU77449,Cable,13,2025-01-24,97.0,1080,United Kingdom
INV8052,SKU23886,Laptop,33,2025-01-25,142.37,1028,Belgium
INV1742,SKU15100,Decor,31,2025-01-25,46.24,1077,France
INV3321,SKU55656,Textbook,14,2025-01-27,26.26,1056,Switzerland
INV5521,SKU24683,Furniture,14,2025-01-27,95.26,1002,United Kingdom
INV6866,SKU19552,Car Toy,12,2025-01-27,7.75,1064,United Kingdom
INV2741,SKU75239,Water Bottle,17,2025-01-29,97.34,1045,Spain
INV3101,SKU18526,Garden Tool,15,2025-01-29,73.16,1035,United Kingdom
INV7476,SKU95491,Water Bottle,48,2025-01-30,25.38,1009,United Kingdom
INV9652,SKU99663,Cable,44,2025-01-30,159.44,1046,Portugal
INV3270,SKU86156,Tennis Racket,46,2025-01-30,91.05,1055,France
INV7131,SKU75350,Tool Kit,24,2025-02-01,69.76,1091,Switzerland
INV3937,SKU24026,Dress,40,2025-02-02,25.99,1045,United Kingdom
INV9189,SKU66873,Car Toy,7,2025-02-03,92.0,1029,United Kingdom
INV4425,SKU90223,Laptop,41,2025-02-04,219.73,1088,Spain
INV7237,SKU76655,Shoes,39,2025-02-07,9.71,1025,Switzerland
INV3900,SKU87441,Maintenance Item,41,2025-02-09,31.66,1044,EIRE
INV4813,SKU30922,Sweater,18,2025-02-09,81.81,1094,United Kingdom
INV6826,SKU50952,Board Game,43,2025-02-09,8.78,1096,Italy
INV5676,SKU94659,Laptop,15,2025-02-10,205.75,1004,France
INV1257,SKU10866,Lipstick,-12,2025-02-11,97.77,1002,Belgium
INV4727,SKU82561,Charger,27,2025-02-11,200.47,1073,Switzerland
INV8711,SKU61820,Puzzle,12,2025-02-12,81.34,1013,Switzerland
INV8517,SKU28726,Non-Fiction,36,2025-02-14,16.0,1074,United Kingdom
INV6463,SKU28116,Running Shoes,32,2025-02-14,53.84,1068,EIRE
INV9317,SKU89818,Tennis Racket,11,2025-02-15,95.4,1067,Italy
INV2097,SKU83499,Tennis Racket,16,2025-02-15,12.24,1061,Italy
INV2160,SKU77391,Yoga Mat,14,2025-02-15,14.1,1073,EIRE
INV7266,SKU68790,Perfume,43,2025-02-15,14.17,1044,United Kingdom
INV3627,SKU19027,Furniture,17,2025-02-17,37.34,1000,Portugal
INV6199,SKU60070,Fiction Novel,7,2025-02-17,6.57,1032,France
INV1462,SKU56095,Kitchen Item,32,2025-02-18,31.6,1062,United Kingdom
INV9369,SKU24838,Jacket,24,2025-02-18,82.44,1005,Switzerland
INV5959,SKU99592,Non-Fiction,9,2025-02-19,27.79,1038,United Kingdom
INV8790,SKU45532,Laptop,18,2025-02-19,87.98,1040,United Kingdom
INV5528,SKU39850,Jeans,3,2025-02-22,20.83,1025,Spain
INV3236,SKU52875,Maintenance Item,6,2025-02-24,66.05,1091,France
INV9814,SKU37770,Water Bottle,17,2025-02-24,48.82,1093,United Kingdom
INV4189,SKU57516,Fiction Novel,29,2025-02-26,22.8,1087,France
INV7744,SKU74942,Cookbook,49,2025-02-26,1.59,1032,United Kingdom
INV6882,SKU46358,Decor,5,2025-02-26,26.24,1048,France
INV4296,SKU46913,Fiction Novel,33,2025-02-26,10.02,1087,United Kingdom
INV4728,SKU39743,Running Shoes,38,2025-02-28,76.0,1092,Netherlands
INV8397,SKU93755,Fiction Novel,44,2025-03-01,13.26,1077,France
INV5905,SKU96951,Dress,7,2025-03-01,16.39,1036,Netherlands
INV9810,SKU48258,Sweater,27,2025-03-01,13.0,1047,United Kingdom
INV6464,SKU41925,Kitchen Item,49,2025-03-02,21.51,1027,EIRE
INV9308,SKU50538,Mascara,19,2025-03-02,13.6,1053,Belgium
INV3332,SKU58929,Plant Pot,28,2025-03-03,45.72,1000,Italy
INV3485,SKU29555,Fiction Novel,8,2025-03-06,46.25,1079,United Kingdom
INV3949,SKU75521,Jacket,1,2025-03-06,24.33,1015,Germany
INV7311,SKU11617,Magazine,6,2025-03-07,71.5,1073,Belgium
INV2678,SKU38557,Kitchen Item,13,2025-03-07,61.73,1067,Portugal
INV4396,SKU90649,Perfume,-9,2025-03-08,80.8,1027,United Kingdom
INV6862,SKU37535,Gym Bag,50,2025-03-08,88.53,1052,France
INV7022,SKU25058,Comic Book,28,2025-03-09,69.13,1078,Portugal
INV1488,SKU22280,Tennis Racket,2,2025-03-09,20.68,1083,Belgium
INV3913,SKU76046,Building Blocks,23,2025-03-10,48.56,1073,Belgium
INV2043,SKU54267,Lipstick,8,2025-03-10,23.19,1033,Netherlands
INV2791,SKU42536,Board Game,3,2025-03-11,98.38,1086,Netherlands
INV7090,SKU64046,Hair Product,16,2025-03-11,55.02,1048,Spain
INV6362,SKU21322,Car Accessory,19,2025-03-12,78.67,1094,Switzerland
INV2415,SKU89257,Furniture,42,2025-03-14,80.52,1023,France
INV5544,SKU84593,Tool Kit,43,2025-03-14,67.55,1077,Germany
INV7350,SKU41340,Water Bottle,10,2025-03-15,63.15,1063,United Kingdom
INV8432,SKU54681,Garden Tool,21,2025-03-16,60.03,1006,United Kingdom
INV5022,SKU21359,Magazine,30,2025-03-18,30.07,1003,Netherlands
INV3719,SKU90760,Plant Pot,4,2025-03-18,35.73,1035,France
INV2486,SKU12087,Cleaning Product,30,2025-03-19,74.98,1003,Switzerland
INV4840,SKU61891,Yoga Mat,25,2025-03-20,16.56,1047,United Kingdom
INV6022,SKU87178,Car Accessory,45,2025-03-20,86.67,1070,United Kingdom
INV7305,SKU48517,Gym Bag,34,2025-03-20,78.7,1091,France
INV6553,SKU40945,Yoga Mat,43,2025-03-21,67.57,1091,United Kingdom
INV4292,SKU28202,Running Shoes,-3,2025-03-21,37.52,1070,United Kingdom
INV3641,SKU94837,Lipstick,9,2025-03-22,59.64,1017,United Kingdom
INV6427,SKU94835,Magazine,49,2025-03-22,46.9,1093,Switzerland
INV5225,SKU92312,Car Accessory,47,2025-03-24,2.74,1033,United Kingdom
INV5925,SKU16051,Cookbook,9,2025-03-25,22.62,1045,Portugal
INV6531,SKU83874,Smartphone,42,2025-03-25,49.4,1073,United Kingdom
INV6488,SKU66272,Comic Book,46,2025-03-25,34.6,1065,United Kingdom
INV9908,SKU63562,Non-Fiction,-20,2025-03-26,29.52,1048,Netherlands
INV1436,SKU88238,Cleaning Product,50,2025-03-27,58.19,1092,United Kingdom
INV4625,SKU29126,Camera,38,2025-03-28,140.43,1025,United Kingdom
INV2449,SKU42142,Car Accessory,35,2025-03-28,31.94,1006,Portugal
INV8973,SKU30289,Yoga Mat,4,2025-03-28,73.84,1007,United Kingdom
INV6364,SKU74788,Laptop,9,2025-03-29,221.91,1000,France
INV4196,SKU81828,Lipstick,49,2025-03-29,86.72,1006,Spain
INV2106,SKU55193,Gym Bag,7,2025-03-30,73.78,1042,United Kingdom
INV1665,SKU66165,Comic Book,11,2025-04-02,25.67,1059,France
INV7867,SKU65799,Hair Product,21,2025-04-05,3.3,1004,France
INV5314,SKU85842,Furniture,24,2025-04-05,65.68,1009,Belgium
INV6343,SKU46202,Car Accessory,40,2025-04-05,52.73,1053,United Kingdom
INV5398,SKU59436,Laptop,49,2025-04-05,170.01,1061,United Kingdom
INV2425,SKU67549,Sweater,48,2025-04-06,69.22,1090,Belgium
INV4763,SKU21334,Skincare,14,2025-04-09,47.88,1059,United Kingdom
INV8014,SKU42329,Yoga Mat,15,2025-04-09,94.68,1073,Belgium
INV2565,SKU76247,Decor,5,2025-04-10,57.21,1055,France
INV8175,SKU34833,Lamp,47,2025-04-11,24.61,1049,United Kingdom
INV2862,SKU18330,Maintenance Item,33,2025-04-11,11.8,1064,United Kingdom
INV7868,SKU90599,Tablet,7,2025-04-12,10.36,1090,EIRE
INV2988,SKU69829,Furniture,36,2025-04-13,32.41,1096,Italy
INV8161,SKU40427,Shoes,40,2025-04-13,40.27,1099,United Kingdom
INV7147,SKU92118,Kitchen Item,12,2025-04-13,12.57,1096,United Kingdom
INV2069,SKU15992,Textbook,34,2025-04-14,27.33,1087,Netherlands
INV7284,SKU17051,Hat,46,2025-04-14,89.24,1080,Switzerland
INV6453,SKU40781,Cleaning Product,43,2025-04-16,71.25,1005,United Kingdom
INV5009,SKU13728,Jacket,5,2025-04-17,74.81,1074,Belgium
INV7045,SKU15759,Sweater,50,2025-04-17,50.46,1013,Italy
INV1062,SKU66047,Jacket,41,2025-04-18,48.55,1012,United Kingdom
INV1764,SKU83010,Non-Fiction,33,2025-04-22,43.95,1056,Germany
INV2674,SKU22156,Lipstick,23,2025-04-22,27.19,1005,Portugal
INV4726,SKU64700,Water Bottle,20,2025-04-23,33.6,1069,United Kingdom
INV1865,SKU18942,Car Accessory,25,2025-04-23,68.24,1019,United Kingdom
INV6426,SKU57260,Building Blocks,34,2025-04-23,37.79,1083,United Kingdom
INV7233,SKU70771,Magazine,36,2025-04-24,22.68,1091,France
INV7366,SKU96235,Cleaning Product,-13,2025-04-24,72.07,1001,EIRE
INV3589,SKU67619,Perfume,22,2025-04-25,15.22,1091,United Kingdom
INV2189,SKU56884,Jacket,20,2025-04-25,9.56,1097,Belgium
INV6323,SKU69971,Running Shoes,3,2025-04-26,73.8,1048,Belgium
INV2696,SKU60778,Car Toy,27,2025-04-27,91.68,1097,United Kingdom
INV5380,SKU16929,Building Blocks,44,2025-04-27,42.41,1058,United Kingdom
INV5336,SKU33321,Car Accessory,13,2025-04-28,39.87,1082,France
INV3181,SKU94092,Lamp,1,2025-04-28,65.35,1056,United Kingdom
INV6664,SKU96993,Foundation,36,2025-05-01,6.4,1082,Portugal
INV5061,SKU28465,T-Shirt,25,2025-05-04,42.4,1020,Italy
INV7866,SKU86983,Furniture,32,2025-05-04,41.4,1035,United Kingdom
INV8794,SKU71263,Car Toy,22,2025-05-04,30.66,1042,United Kingdom
INV1654,SKU30146,Car Toy,41,2025-05-04,84.47,1038,Italy
INV6916,SKU42990,Gym Bag,39,2025-05-05,20.36,1013,United Kingdom
INV3474,SKU11198,Water Bottle,4,2025-05-06,64.14,1078,Switzerland
INV5743,SKU25096,Lipstick,11,2025-05-06,46.55,1088,Germany
INV4669,SKU97797,Car Toy,45,2025-05-07,10.43,1084,Switzerland
INV1775,SKU29443,Puzzle,11,2025-05-07,92.49,1091,France
INV2506,SKU78354,Foundation,26,2025-05-07,6.54,1050,United Kingdom
INV3733,SKU74178,Non-Fiction,29,2025-05-08,3.02,1001,EIRE
INV1173,SKU69429,Perfume,40,2025-05-08,11.03,1083,United Kingdom
INV3064,SKU93540,Textbook,47,2025-05-09,18.98,1005,United Kingdom
INV7829,SKU98225,Doll,11,2025-05-10,21.51,1088,Switzerland
INV1396,SKU49953,Garden Tool,29,2025-05-12,15.44,1005,EIRE
INV7313,SKU34832,Water Bottle,37,2025-05-14,94.8,1071,Belgium
INV1324,SKU46848,Board Game,40,2025-05-14,31.01,1091,United Kingdom
INV1256,SKU80436,Hat,17,2025-05-15,63.8,1070,United Kingdom
INV8448,SKU24160,Jacket,15,2025-05-17,94.3,1003,United Kingdom
INV7294,SKU96603,Yoga Mat,7,2025-05-19,69.2,1062,United Kingdom
INV9966,SKU43126,Tool Kit,44,2025-05-19,1.92,1053,Portugal
INV2734,SKU90028,T-Shirt,11,2025-05-19,12.69,1026,France
INV5312,SKU92132,Jeans,33,2025-05-20,4.09,1074,Italy
INV3703,SKU67496,Water Bottle,-17,2025-05-21,61.63,1099,United Kingdom
INV8489,SKU18232,Scarf,2,2025-05-21,52.02,1030,Spain
INV5708,SKU39817,Hat,49,2025-05-22,70.69,1012,Spain
INV8615,SKU82498,Lipstick,27,2025-05-22,24.14,1002,United Kingdom
INV3271,SKU63131,Garden Tool,46,2025-05-22,1.14,1080,United Kingdom
INV2324,SKU73908,Building Blocks,21,2025-05-23,6.74,1057,United Kingdom
INV9618,SKU81313,Charger,3,2025-05-24,80.96,1095,United Kingdom
INV4678,SKU13517,Headphones,41,2025-05-25,118.53,1036,Switzerland
INV9125,SKU64125,Foundation,47,2025-05-26,17.56,1073,Netherlands
INV1755,SKU23513,Fiction Novel,20,2025-05-28,41.13,1024,United Kingdom
INV4889,SKU76467,Charger,13,2025-05-29,243.53,1043,United Kingdom
INV1519,SKU47629,Foundation,50,2025-05-30,97.85,1082,Netherlands
INV4446,SKU31001,Cleaning Product,50,2025-06-02,41.22,1004,United Kingdom
INV2450,SKU31707,Camera,8,2025-06-02,100.84,1079,United Kingdom
INV3159,SKU22178,Car Accessory,44,2025-06-02,71.31,1059,EIRE
INV9870,SKU27305,Cleaning Product,48,2025-06-03,3.13,1024,United Kingdom
INV5106,SKU98835,Decor,41,2025-06-04,4.9,1056,United Kingdom
INV6220,SKU18444,Running Shoes,19,2025-06-04,16.9,1087,Belgium
INV4806,SKU78107,Doll,42,2025-06-04,78.9,1062,Portugal
INV5289,SKU40865,Tool Kit,44,2025-06-05,46.36,1001,Netherlands
INV4824,SKU44675,Running Shoes,15,2025-06-06,15.75,1034,Germany
INV9759,SKU54572,Scarf,19,2025-06-06,21.11,1070,United Kingdom
INV4626,SKU94889,Scarf,20,2025-06-07,41.42,1017,United Kingdom
INV6918,SKU60868,Maintenance Item,3,2025-06-07,33.08,1090,Spain
INV7498,SKU41369,Puzzle,35,2025-06-07,36.57,1033,United Kingdom
INV7326,SKU20696,Board Game,-17,2025-06-08,34.19,1018,United Kingdom
INV5396,SKU86177,Hair Product,38,2025-06-08,4.62,1028,Switzerland
INV1715,SKU51704,Maintenance Item,43,2025-06-10,98.1,1063,France
INV5529,SKU93964,Puzzle,46,2025-06-10,30.58,1019,EIRE
INV8327,SKU51195,T-Shirt,14,2025-06-11,16.96,1071,United Kingdom
INV2684,SKU29194,Non-Fiction,10,2025-06-14,6.56,1080,Italy
INV3463,SKU53694,Dress,20,2025-06-14,70.15,1050,United Kingdom
INV4163,SKU14461,Laptop,39,2025-06-15,163.36,1076,Germany
INV4599,SKU87025,Car Toy,46,2025-06-15,47.38,1037,Belgium
INV9759,SKU93665,Cleaning Product,11,2025-06-16,87.77,1023,United Kingdom
INV4309,SKU30887,Non-Fiction,-12,2025-06-17,34.54,1005,Switzerland
INV6024,SKU85713,Building Blocks,9,2025-06-18,12.79,1029,France
INV4260,SKU19108,Mascara,19,2025-06-18,52.92,1058,United Kingdom
INV3299,SKU68487,Plant Pot,37,2025-06-18,87.35,1018,Switzerland
INV6224,SKU85690,Board Game,10,2025-06-19,52.6,1052,United Kingdom
INV3956,SKU81496,Textbook,21,2025-06-19,15.83,1091,Switzerland
INV5941,SKU99687,T-Shirt,28,2025-06-20,37.69,1064,United Kingdom
INV6613,SKU93252,Cookbook,16,2025-06-21,46.29,1058,Netherlands
INV9897,SKU80390,Lipstick,14,2025-06-22,33.86,1046,United Kingdom
INV9327,SKU86556,Tool Kit,31,2025-06-22,61.87,1021,Portugal
INV8032,SKU10205,Board Game,12,2025-06-23,67.15,1067,Germany
INV3604,SKU45916,Shoes,24,2025-06-23,90.48,1021,United Kingdom
INV3354,SKU90863,Textbook,45,2025-06-24,24.62,1041,United Kingdom
INV4595,SKU45774,Perfume,-10,2025-06-27,68.24,1051,Switzerland
INV2388,SKU50577,Hair Product,9,2025-06-29,70.58,1094,Portugal
INV5272,SKU36772,Board Game,9,2025-06-30,64.9,1058,United Kingdom
INV2489,SKU89194,Comic Book,42,2025-06-30,21.72,1006,Switzerland
INV1260,SKU27527,Cable,-20,2025-07-01,42.43,1089,Belgium
INV7488,SKU84569,Headphones,22,2025-07-01,107.12,1004,Switzerland
INV7655,SKU57619,Lamp,39,2025-07-07,78.35,1004,United Kingdom
INV6656,SKU69298,Car Accessory,35,2025-07-07,82.71,1037,Netherlands
INV9394,SKU24918,Doll,44,2025-07-07,59.72,1067,United Kingdom
INV4629,SKU93995,Mascara,9,2025-07-08,73.56,1061,Netherlands
INV6302,SKU48356,Comic Book,33,2025-07-08,30.05,1096,United Kingdom
INV3475,SKU33339,Skincare,12,2025-07-08,43.1,1085,Italy
INV7672,SKU48088,Foundation,31,2025-07-08,37.38,1001,Switzerland
INV4437,SKU39548,Puzzle,33,2025-07-09,42.87,1006,United Kingdom
INV7304,SKU60019,Cleaning Product,1,2025-07-09,72.35,1087,Spain
INV9734,SKU54869,Building Blocks,47,2025-07-10,64.69,1088,United Kingdom
INV8961,SKU72027,Car Toy,24,2025-07-11,89.13,1040,Netherlands
INV9740,SKU59113,Shoes,31,2025-07-12,25.39,1035,France
INV2778,SKU12170,Water Bottle,33,2025-07-13,42.56,1019,France
INV6772,SKU81567,Building Blocks,50,2025-07-14,47.0,1089,France
INV8573,SKU59735,Cookbook,15,2025-07-14,22.65,1007,United Kingdom
INV3601,SKU89129,Comic Book,46,2025-07-14,18.61,1018,Belgium
INV3539,SKU58679,Sweater,6,2025-07-15,62.25,1097,United Kingdom
INV7350,SKU78464,T-Shirt,3,2025-07-16,84.96,1011,United Kingdom
INV8775,SKU86923,Puzzle,17,2025-07-18,9.95,1003,United Kingdom
INV2976,SKU35242,Action Figure,49,2025-07-19,19.33,1027,Spain
INV5374,SKU31094,Cookbook,4,2025-07-20,31.62,1069,United Kingdom
INV2435,SKU26395,Lamp,2,2025-07-25,97.08,1003,United Kingdom
INV8849,SKU38047,Water Bottle,36,2025-07-25,27.89,1013,Italy
INV7502,SKU20357,Doll,16,2025-07-26,23.36,1087,Germany
INV2642,SKU38109,Mascara,40,2025-07-26,68.77,1006,United Kingdom
INV4390,SKU34125,Headphones,38,2025-07-26,5.43,1065,Portugal
INV2193,SKU69692,Hair Product,46,2025-07-26,39.01,1051,United Kingdom
INV4611,SKU68878,Fiction Novel,11,2025-07-27,18.8,1027,Netherlands
INV9980,SKU62322,Fiction Novel,28,2025-07-27,5.11,1071,United Kingdom
INV6454,SKU79588,Camera,18,2025-07-27,219.02,1026,Germany
INV4270,SKU21919,Charger,20,2025-07-29,117.66,1043,United Kingdom
INV5317,SKU42421,Foundation,7,2025-07-30,73.32,1078,United Kingdom
INV6638,SKU11035,Comic Book,10,2025-07-30,25.49,1069,Italy
INV4879,SKU48230,Textbook,26,2025-07-30,38.61,1057,United Kingdom
INV1947,SKU92786,Magazine,44,2025-07-30,25.23,1095,United Kingdom
INV1901,SKU50539,Lamp,-16,2025-07-31,2.12,1063,Portugal
INV9755,SKU76402,Skincare,-9,2025-07-31,89.65,1068,Germany
INV8856,SKU45877,Dress,42,2025-08-01,43.93,1073,United Kingdom
INV7912,SKU12859,Dress,48,2025-08-01,45.08,1062,Switzerland
INV9195,SKU35543,Doll,9,2025-08-01,67.79,1042,Portugal
INV9698,SKU55056,Hair Product,23,2025-08-01,45.92,1039,United Kingdom
INV3364,SKU76294,Furniture,9,2025-08-03,51.81,1067,United Kingdom
INV4384,SKU81110,Car Toy,10,2025-08-03,80.6,1073,United Kingdom
INV3143,SKU93507,Non-Fiction,36,2025-08-04,13.21,1009,France
INV9090,SKU57579,Camera,46,2025-08-05,92.15,1081,United Kingdom
INV7693,SKU69048,Cleaning Product,-11,2025-08-05,28.99,1058,United Kingdom
INV8978,SKU20580,Smartphone,6,2025-08-05,185.46,1053,Switzerland
INV5117,SKU36619,Tool Kit,46,2025-08-08,65.12,1096,Italy
INV6692,SKU18511,Textbook,46,2025-08-08,57.43,1046,Germany
INV3651,SKU28333,Building Blocks,23,2025-08-08,20.65,1024,United Kingdom
INV7290,SKU83607,Maintenance Item,27,2025-08-09,84.15,1062,United Kingdom
INV5589,SKU85564,Puzzle,12,2025-08-09,77.42,1033,Spain
INV5839,SKU42302,Jeans,25,2025-08-10,78.61,1019,Netherlands
INV6606,SKU81372,Tennis Racket,5,2025-08-10,57.84,1062,United Kingdom
INV1618,SKU60374,Skincare,19,2025-08-10,96.39,1007,France
INV7597,SKU72503,Garden Tool,-4,2025-08-12,16.39,1016,United Kingdom
